{
  "todo": [
    {
      "label": "tache 2",
      "done": true,
      "priority": "3",
      "id": 3
    },
    {
      "label": "Tâche 4",
      "done": true,
      "priority": "1",
      "id": 4
    },
    {
      "label": "Sadra Rl ",
      "done": false,
      "priority": "2",
      "id": 5
    },
    {
      "label": "Sadra ",
      "done": false,
      "priority": 3,
      "id": 6
    },
    {
      "label": "Sadra ",
      "done": false,
      "priority": "2",
      "id": 7
    }
  ]
}