{"test@test.t":{"passwd":"$2a$12$tZadFfdJDK35T6YqXENf1eUPXzvZwyraGsCs3945nCzIISCbC4YT6","fullname":"test","descript":"Je suis nouveau.","pseudo":"test","email":"test@test.t"},"private@alexismch.be":{"passwd":"$2a$12$SbeW6Iwq2fc0ZGxrz7rCz.l.rT0haTe28xyK0cYnt/Die3jdhJ6Um","fullname":"Michiels Alexis","descript":"Je suis nouveau.","pseudo":"alexismch","email":"private@alexismch.be"},"rayan.barman@hotmail.com":{"passwd":"$2a$12$5ly8H/fLTRPhjU51Qn.0Se0WcdvsgVg.tLyuJtlZ.5hNXLznKyQCW","fullname":"Rayan Barman","descript":"Je suis nouveau.","pseudo":"RvyBarman","email":"rayan.barman@hotmail.com"}}