{
  "persons": [
    {
      "name": "Arto Hellas",
      "number": "040-123456",
      "id": 1
    },
    {
      "name": "Ada Lovelace",
      "number": "39-44-5323523",
      "id": 2
    },
    {
      "name": "Dan Abramov",
      "number": "12-43-234345",
      "id": 3
    },
    {
      "name": "Mary Poppendieck",
      "number": "39-23-6423122",
      "id": 4
    },
    {
      "name": "Rayan",
      "number": "04586475",
      "id": 5
    },
    {
      "name": "Alex",
      "number": "9999",
      "id": 6
    },
    {
      "name": "Sadr",
      "number": "0000000",
      "id": 7
    },
    {
      "name": "Maee",
      "number": "77777",
      "id": 8
    },
    {
      "name": "aaaaa",
      "number": "",
      "id": 9
    }
  ]
}